Name, Image URL
岸田 文雄, /member/img/kishida-fu.jpg
松本 剛明, /member/img/matsumoto-takeaki.jpg
尾身 朝子, /member/img/omi-a.jpg
柘植 芳文, /member/img/tsuge-yo.jpg
国光 あやの, /member/img/kunimitsu-ayano.jpg
中川 貴元, /member/img/nakagawa-takamoto.jpg
長谷川 淳二, /member/img/hasegawa-junji.jpg
齋藤 健, /member/img/saito-ken.jpg
門山 宏哲, /member/img/kadoyama-hiroaki.jpg
高見 康裕, /member/img/takami-yasuhiro.jpg
林 芳正, /member/img/hayashi-yo.jpg
武井 俊輔, /member/img/takei-shunsuke.jpg
山田 賢司, /member/img/yamada-kenji.jpg
秋本 真利, /member/img/akimoto-masatoshi.jpg
高木 啓, /member/img/takagi-kei.jpg
吉川 ゆうみ, /member/img/yoshikawa-yu.jpg
鈴木 俊一, /member/img/suzuki-shunichi.jpg
井上 貴博, /member/img/inoue-ta.jpg
秋野 公造（公明党）, /member/img/member_blank.png
金子 俊平, /member/img/kaneko-shunpei.jpg
宮本 周司, /member/img/miyamoto-syu.jpg
永岡 桂子, /member/img/nagaoka-keiko.jpg
井出 庸生, /member/img/ide-yosei.jpg
簗 和生, /member/img/yana-kazuo.jpg
山本 左近, /member/img/yamamoto-sakon.jpg
伊藤 孝江（公明党）, /member/img/member_blank.png
加藤 勝信, /member/img/kato-katsunobu.jpg
羽生田 俊, /member/img/hanyuuda-ta.jpg
伊佐 進一（公明党）, /member/img/member_blank.png
畦元 将吾, /member/img/azemoto-shogo.jpg
本田 顕子, /member/img/honda-akiko.jpg
野村 哲郎, /member/img/nomura-tetsuro.jpg
勝俣 孝明, /member/img/katsumata-takaaki.jpg
野中 厚, /member/img/nonaka-atsushi.jpg
藤木 眞也, /member/img/fujiki-shinya.jpg
角田 秀穂（公明党）, /member/img/member_blank.png
西村 康稔, /member/img/nishimura-yasutoshi.jpg
中谷 真一, /member/img/nakatani-shinichi.jpg
太田 房江, /member/img/oota-fusae.jpg
長峯 誠, /member/img/nagamine-makoto.jpg
里見 隆治（公明党）, /member/img/member_blank.png
斉藤 鉄夫（公明党）, /member/img/member_blank.png
石井 浩郎, /member/img/ishii-hiroo.jpg
豊田 俊郎, /member/img/toyoda-to.jpg
古川 康, /member/img/furukawa-yasushi.jpg
西田 昭二, /member/img/nishida_shoji.jpg
清水 真人, /member/img/shimizu-masato.jpg
西村 明宏, /member/img/nishimura-akihiro.jpg
山田 美樹, /member/img/yamada-miki.jpg
小林 茂樹, /member/img/kobayashi-shigeki.jpg
国定 勇人, /member/img/kunisada-isato.jpg
柳本 顕, /member/img/yanagimoto-akira.jpg
浜田 靖一, /member/img/hamada-yasukazu.jpg
井野 俊郎, /member/img/ino-toshiro.jpg
木村 次郎, /member/img/kimura-jiro.jpg
小野田 紀美, /member/img/onoda-kimi.jpg
松野 博一, /member/img/matsuno-hirokazu.jpg
木原 誠二, /member/img/kihara-se.jpg
いそざき 仁彦, /member/img/isozaki-yoshihiko.jpg
栗生 俊一, /member/img/member_blank.png
河野 太郎, /member/img/kouno-tarou.jpg
大串 正樹, /member/img/ogushi-masaki.jpg
尾崎 正直, /member/img/ozaki-masanao.jpg
渡辺 博道, /member/img/watanabe-hiromichi.jpg
小島 敏文, /member/img/kojima-toshifumi.jpg
石井 浩郎, /member/img/ishii-hiroo.jpg
竹谷 とし子（公明党）, /member/img/member_blank.png
西田 昭二, /member/img/nishida_shoji.jpg
中野 英幸, /member/img/nakano-hideyuki.jpg
山本 左近, /member/img/yamamoto-sakon.jpg
里見 隆治（公明党）, /member/img/member_blank.png
谷 公一, /member/img/tani-koichi.jpg
小倉 將信, /member/img/ogura-masanobu.jpg
後藤 茂之, /member/img/goto-shigeyuki.jpg
高市 早苗, /member/img/takaichi-sanae.jpg
岡田 直樹, /member/img/okada-naoki.jpg
近藤 正春, /member/img/member_blank.png
藤丸 敏, /member/img/fujimaru-satoshi.jpg
星野 剛士, /member/img/hoshino-tsuyoshi.jpg
和田 義明, /member/img/wada-yoshiaki.jpg
井野 俊郎, /member/img/ino-toshiro.jpg
大串 正樹, /member/img/ogushi-masaki.jpg
中谷 真一, /member/img/nakatani-shinichi.jpg
小林 茂樹, /member/img/kobayashi-shigeki.jpg
石井 浩郎, /member/img/ishii-hiroo.jpg
太田 房江, /member/img/oota-fusae.jpg
伊佐 進一（公明党）, /member/img/member_blank.png
鈴木 英敬, /member/img/suzuki-eikei.jpg
中野 英幸, /member/img/nakano-hideyuki.jpg
自見 はなこ, /member/img/jimi-hanako.jpg
木村 次郎, /member/img/kimura-jiro.jpg
西田 昭二, /member/img/nishida_shoji.jpg
尾崎 正直, /member/img/ozaki-masanao.jpg
柳本 顕, /member/img/yanagimoto-akira.jpg
長峯 誠, /member/img/nagamine-makoto.jpg
本田 顕子, /member/img/honda-akiko.jpg
里見 隆治（公明党）, /member/img/member_blank.png
木原 誠二, /member/img/kihara-se.jpg
中谷 元, /member/img/nakatani-ge.jpg
村井 英樹, /member/img/murai-hideki.jpg
森 まさこ, /member/img/mori-ma.jpg
森 昌文, /member/img/member_blank.png